<?xml version="1.0" encoding="UTF-8"?>
<!DOCTYPE configuration
PUBLIC "-//mybatis.org//DTD Config 3.0//EN"
"http://mybatis.org/dtd/mybatis-3-config.dtd">
<configuration>
	<properties resource="db.properties"></properties>
	
	<typeAliases>
		<typeAlias type="member.bean.MemberDTO" alias="member"/>
		<typeAlias type="member.bean.ZipcodeDTO" alias="zipcode"/>
		<typeAlias type="board.bean.BoardDTO" alias="board"/>
		<typeAlias type="guestbook.bean.GuestbookDTO" alias="guestbook"/>
		<typeAlias type="imageboard.bean.ImageboardDTO" alias="imageboard"/>
		<typeAlias type="product.bean.ProductDTO" alias="product"/>
	</typeAliases>
	
	
	
	<environments default="development">
		<environment id="development">
			<transactionManager type="JDBC" />
			<dataSource type="POOLED">
				<property name="driver" value="${jdbc.driver}"/>
				<property name="url" value="${jdbc.url}"/>
				<property name="username" value="${jdbc.username}"/>
				<property name="password" value="${jdbc.password}"/>
			</dataSource>
		</environment>
	</environments>
	
	<mappers>
		<mapper resource="member/dao/memberMapper.xml"/>
		<mapper resource="board/dao/boardMapper.xml"/>
		<mapper resource="imageboard/dao/imageboardMapper.xml"/>
		<mapper resource="guestbook/dao/guestbookMapper.xml"/>
		<mapper resource="product/dao/productMapper.xml"/>
	</mappers>
</configuration>