<?xml version="1.0" encoding="UTF-8"?>
<beans xmlns="http://www.springframework.org/schema/beans"
	xmlns:xsi="http://www.w3.org/2001/XMLSchema-instance"
	xmlns:context="http://www.springframework.org/schema/context"
	xsi:schemaLocation="http://www.springframework.org/schema/beans http://www.springframework.org/schema/beans/spring-beans.xsd
		http://www.springframework.org/schema/context http://www.springframework.org/schema/context/spring-context-4.3.xsd">

	<!-- <bean id="messageBeanImpl" class="sample01.MessageBeanImpl">
		<constructor-arg>
			<value> 딸기</value>
		</constructor-arg>
		<property name="cost">
			<value>12000</value>
		</property>
		<property name="qty" value="5"/>
	</bean>
	
	sample02
	<bean id="calcAdd" class="sample02.CalcAdd">
		<constructor-arg>
			<value>25</value>
		</constructor-arg>
		<constructor-arg value="36"/>
	</bean>
	
	<bean id="calcMul" class="sample02.CalcMul">
		<property name="x">
			<value>25</value>
		</property>
		<property name="y" value="36"/>
	</bean>
	
	sample03
	<bean id="sungJukDTO" class="sample03.SungJukDTO">
		<property name="name" value="홍길동"/>
		<property name="kor" value="97"/>
		<property name="eng" value="100"/>
		<property name="math" value="95"/>
	</bean>
	
	<bean id="sungJukImpl" class="sample03.SungJukImpl">
		<constructor-arg ref="sungJukDTO"/>
	</bean>
	
	sample04
	<bean id="messageBeanImpl2" class="sample04.MessageBeanImpl">
		<constructor-arg value="홍길동"/>
		<property name="phone" value="010-123-1234"/>
		<property name="outputter" ref="fileOutputter"/>
	</bean>
	
	<bean id="fileOutputter" class="sample04.FileOutputter">
		<property name="filePath" value="D:/spring/"/>
		<property name="fileName" value="result.txt"/>
	</bean>
	
	sample05
	main
	<bean id="helloSpring" class="sample05.HelloSpring"></bean>
	SungJukInput
	<bean id="sungJukInput" class="sample05.SungJukInput" scope="prototype">
		<property name="sungJukDTO2" ref="sungJukDTO2"></property>
		<property name="list" ref="arrayList"></property>
	</bean>
	SungJukOutput
	<bean id="sungJukOutput" class="sample05.SungJukOutput">
		<property name="list" ref="arrayList"></property>
	</bean>
	SungJukModify
	<bean id="sungJukModify" class="sample05.SungJukModify">
		<property name="list" ref="arrayList"></property>
	</bean>
	SungJukDelete
	<bean id="sungJukDelete" class="sample05.SungJukDelete">
		<property name="list" ref="arrayList"></property>
	</bean>
	DTO
	<bean id="sungJukDTO2" class="sample05.SungJukDTO2" scope="prototype"></bean>
	 list
	<bean id="arrayList" class="java.util.ArrayList"></bean> -->
	
	<!-- sample06 -->
	<bean id="helloSpring" class="sample06.HelloSpring"></bean>
	<bean id="salaryInput" class="sample06.SalaryInput" scope="prototype">
		<property name="salaryDTO" ref="salaryDTO"></property>
		<property name="list" ref="arrayList"></property>
	</bean>
	<bean id="salaryDTO" class="sample06.SalaryDTO" scope="prototype"></bean>
	<bean id="arrayList" class="java.util.ArrayList"></bean>
	<bean id="salaryOutput" class="sample06.SalaryOutput">
		<property name="list" ref="arrayList"></property>
	</bean>
</beans>
