<?xml version="1.0" encoding="UTF-8"?>
<!DOCTYPE mapper
 PUBLIC "-//mybatis.org//DTD Mapper 3.0//EN"
 "http://mybatis.org/dtd/mybatis-3-mapper.dtd">
 <mapper namespace="memberSQL">
 	<!-- 로그인 -->
 	<select id="login" parameterType="java.util.Map" resultType="member.bean.MemberDTO">
 		select * from member where id=#{id} and pwd=#{pwd}
 	</select>
 	
 	<!-- 아이디 중복 체크 -->
 	<select id="isCheckId" parameterType="java.lang.String" resultType="member">
		select * from member where id=#{id}
 	</select>
 	
 	<!-- 우편번호 -->
 	<select id="getZipcodeList" parameterType="java.util.Map" resultType="zipcode">
 		select * from newzipcode 
 		where sido like '%'||#{sido}||'%'
 		and nvl(sigungu, '0') like '%'||#{sigungu}||'%'
 		and roadname like '%'||#{roadname}||'%'
 	</select>
 	
 	<!-- 회원가입 -->
 	<insert id="write" parameterType="member">
 		insert into member values(#{name}
 								 ,#{id}
 								 ,#{pwd}
 								 ,#{gender}
 								 ,#{email1}
 								 ,#{email2}
 								 ,#{tel1}
 								 ,#{tel2}
 								 ,#{tel3}
 								 ,#{zipcode}
 								 ,#{addr1}
 								 ,#{addr2}
 								 ,sysdate)
 	</insert>
 </mapper>