<?xml version="1.0" encoding="UTF-8"?>
<!DOCTYPE mapper
 PUBLIC "-//mybatis.org//DTD Mapper 3.0//EN"
 "http://mybatis.org/dtd/mybatis-3-mapper.dtd">
 <mapper namespace="imageboardSQL">
 	<insert id="imageboardWrite" parameterType="imageboard">
 		insert into imageboard values(seq_imageboard.nextval
 									, #{imageId}
 									, #{imageName}
 									, #{imagePrice}
 									, #{imageQty}
 									, #{imageContent}
 									, #{image1}
 									, sysdate)
 	</insert>
 	
 	<!-- 목록 -->
 	<select id="getImageboardList" parameterType="java.util.Map" resultType="imageboard">
 		<![CDATA[
 		select * from
 		(select rownum rn, tt.* from
 		(select * from imageboard order by seq desc) tt
 		)where rn >= #{startNum} and rn <= #{endNum}
 		]]>
 	</select>
 	 
 	 <select id="getImageboardTotalA" resultType="int">
 		select count(*) from imageboard
 	</select>
 	
 	<delete id="imageboardDelete" parameterType="java.util.Map">
 		<!-- delete imageboard where seq in (6,4) -->
 		
 		delete imageboard where seq in 
 		<foreach collection="check" item="seq" open="(" close=")" separator="," >
 			#{seq}
 		</foreach>	
 	</delete>
 </mapper>